Sample,CDR3,nReads
PT0310_S9_combinedLanes_clones,CQQRFNWPLLTF,3
PT0310_S9_combinedLanes_clones,CQQYGGSPLFTF,4
PT0310_S9_combinedLanes_clones,CAVNKDDYKLSF,2
PT0310_S9_combinedLanes_clones,CASSPTGNTGELFF,8
PT0310_S9_combinedLanes_clones,CNSRDNSGARVIF,2
PT0310_S9_combinedLanes_clones,CQQYYSSPFTF,3
PT0310_S9_combinedLanes_clones,CHQYYSIPVTF,1
PT0310_S9_combinedLanes_clones,CQLYGRSPPYTF,2
PT0310_S9_combinedLanes_clones,CATDKSGSEKLVF,25
PT0310_S9_combinedLanes_clones,CSVSEGAYEQYF,3
PT0310_S9_combinedLanes_clones,CALSVQNSGGYQKVTF,1
PT0310_S9_combinedLanes_clones,CMQGTHWPPTF,2
PT0310_S9_combinedLanes_clones,CSSYSSSFTLVIF,3
PT0310_S9_combinedLanes_clones,CASSLDQETQYF,1
PT0310_S9_combinedLanes_clones,CAVDTDNAGNMLTF,1
PT0310_S9_combinedLanes_clones,CAVPSSSASKIIF,1
PT0310_S9_combinedLanes_clones,CVVNARRTGGFKTIF,1
PT0310_S9_combinedLanes_clones,CASSYPTGGYYGYTF,2
PT0310_S9_combinedLanes_clones,CASSPGTGNNQPQHF,2
PT0310_S9_combinedLanes_clones,CMQALQTPFTF,4
PT0310_S9_combinedLanes_clones,CQQYDEFPVTF,2
PT0310_S9_combinedLanes_clones,CASSLGTAYGYTF,1
PT0310_S9_combinedLanes_clones,CAIYGRKNTGELFF,11
PT0310_S9_combinedLanes_clones,CQVWASSLMVF,11
PT0310_S9_combinedLanes_clones,CATWDGRDYKKLF,7
PT0310_S9_combinedLanes_clones,CAAWDDSLSGVVF,5
PT0310_S9_combinedLanes_clones,CALRYFGNEKLTF,7
PT0310_S9_combinedLanes_clones,CQFYDNSPPYIF,4
PT0310_S9_combinedLanes_clones,CAVNGNEKLTF,4
PT0310_S9_combinedLanes_clones,CHQYGSSWTF,3
PT0310_S9_combinedLanes_clones,CSSYAGSEFVIF,1
PT0310_S9_combinedLanes_clones,CASRGDRTNNEQFF,3
PT0310_S9_combinedLanes_clones,CHHYNTLPLTF,1
PT0310_S9_combinedLanes_clones,CASSQTSGSSTDTQYF,15
PT0310_S9_combinedLanes_clones,CAVKDSNDYKLSF,2
PT0310_S9_combinedLanes_clones,CCSYAGSNTWVF,17
PT0310_S9_combinedLanes_clones,CSASQAGGSRQETQYF,1
PT0310_S9_combinedLanes_clones,CAAWDDSLNGWVF,8
PT0310_S9_combinedLanes_clones,CARGLKPTASPLVF,1
PT0310_S9_combinedLanes_clones,CAGVIVHGQNFVF,1
PT0310_S9_combinedLanes_clones,CQQYNDWPRTF,1
PT0310_S9_combinedLanes_clones,CASSEVRDTQYF,7
PT0310_S9_combinedLanes_clones,CAPYNNAGNMLTF,1
PT0310_S9_combinedLanes_clones,CQQSYITPYTF,6
PT0310_S9_combinedLanes_clones,CAVRALEYGNKLVF,2
PT0310_S9_combinedLanes_clones,CQQSYSVARWTF,4
PT0310_S9_combinedLanes_clones,CVVPSGGYQKVTF,4
PT0310_S9_combinedLanes_clones,CMQGAHWPPYTF,3
PT0310_S9_combinedLanes_clones,CQQSFSIPYTF,2
PT0310_S9_combinedLanes_clones,CASSFTGGSSPLHF,3
PT0310_S9_combinedLanes_clones,CQVWDSSSDHVVF,25
PT0310_S9_combinedLanes_clones,CAMRGTAGGTSYGKLTF,3
PT0310_S9_combinedLanes_clones,CVLYLGNGIWMF,3
PT0310_S9_combinedLanes_clones,CASSTTGGYGYTF,4
PT0310_S9_combinedLanes_clones,CHQYNNWPRTF,1
PT0310_S9_combinedLanes_clones,CQQSYNAPPTF,1
PT0310_S9_combinedLanes_clones,CASSETLGLAGEQYF,3
PT0310_S9_combinedLanes_clones,CAMREAGSQGNLIF,30
PT0310_S9_combinedLanes_clones,CASSLTDSNQPQHF,1
PT0310_S9_combinedLanes_clones,CAVASGNTGKLIF,2
PT0310_S9_combinedLanes_clones,CAVPSGNTPLVF,4
PT0310_S9_combinedLanes_clones,CASSQGRLNTEAFF,1
PT0310_S9_combinedLanes_clones,CQQRNNWPPTF,1
PT0310_S9_combinedLanes_clones,CQQYNSYPMTF,1
PT0310_S9_combinedLanes_clones,CLLSYSGVRVF,3
PT0310_S9_combinedLanes_clones,CALWEVRYKKLF,6
PT0310_S9_combinedLanes_clones,CASSPGTGGYEQYF,35
PT0310_S9_combinedLanes_clones,CMQGLQTPKTF,1
PT0310_S9_combinedLanes_clones,CALSAVQ_FNKFYF,2
PT0310_S9_combinedLanes_clones,CASSPGLQETQYF,1
PT0310_S9_combinedLanes_clones,CQQYYNPPLTF,20
PT0310_S9_combinedLanes_clones,CVVNRGTGNQFYF,1
PT0310_S9_combinedLanes_clones,CQQHGSSLRTF,4
PT0310_S9_combinedLanes_clones,CASSFRGQGLTGELFF,2
PT0310_S9_combinedLanes_clones,CHQSYLIPNTF,6
PT0310_S9_combinedLanes_clones,CCSYAGRYTFEWVF,1
PT0310_S9_combinedLanes_clones,CAVGTGNQFYF,7
PT0310_S9_combinedLanes_clones,CASSQDSPGGYNEQFF,40
PT0310_S9_combinedLanes_clones,CQQGYVTPITF,2
PT0310_S9_combinedLanes_clones,CQQSYSVPRWTF,5
PT0310_S9_combinedLanes_clones,CASSFPQEPQHF,2
PT0310_S9_combinedLanes_clones,CQQYYTTPRTF,1
PT0310_S9_combinedLanes_clones,CAVRATL_NEKLTF,4
PT0310_S9_combinedLanes_clones,CQQSYLTPWTF,2
PT0310_S9_combinedLanes_clones,CAAWDDSLNGPVF,2
PT0310_S9_combinedLanes_clones,CMQALQNPPTF,1
PT0310_S9_combinedLanes_clones,CASSASQGIAEQYF,3
PT0310_S9_combinedLanes_clones,CCSYAGSSVTLF,5
PT0310_S9_combinedLanes_clones,CASSQDGLTDTQYF,2
PT0310_S9_combinedLanes_clones,CASSLGAGEVNTEAFF,1
PT0310_S9_combinedLanes_clones,CASTPTGVEQYF,27
PT0310_S9_combinedLanes_clones,CAMREDQLNAGGTSYGKLTF,1
PT0310_S9_combinedLanes_clones,CASSLNPTAGTGELFF,2
PT0310_S9_combinedLanes_clones,CASSYSREKVDTGELFF,3
PT0310_S9_combinedLanes_clones,CQLYGSSPPYTF,3
PT0310_S9_combinedLanes_clones,CAVADSGGYQKVTF,2
PT0310_S9_combinedLanes_clones,CASSTRTSGRDPTQYF,1
PT0310_S9_combinedLanes_clones,CAAWDDSLKGVVF,2
PT0310_S9_combinedLanes_clones,CQQSYGIPYTF,1
PT0310_S9_combinedLanes_clones,CQQSYSTPQYTF,1
PT0310_S9_combinedLanes_clones,CMQGTHWPYTF,5
PT0310_S9_combinedLanes_clones,CGTWDNSLSVGYVF,1
PT0310_S9_combinedLanes_clones,CAASGIGNFNKFYF,3
PT0310_S9_combinedLanes_clones,CQSYDSSLRGLVF,7
PT0310_S9_combinedLanes_clones,CTSYTTSSALLF,2
PT0310_S9_combinedLanes_clones,CAVEDNYGQNFVF,3
PT0310_S9_combinedLanes_clones,CQQYNNWPFTF,5
PT0310_S9_combinedLanes_clones,CQQYYSPPYTF,3
PT0310_S9_combinedLanes_clones,CATSSSWGDTQYF,11
PT0310_S9_combinedLanes_clones,CAISESGRTEAFF,2
PT0310_S9_combinedLanes_clones,CAVEGRDDKIIF,1
PT0310_S9_combinedLanes_clones,CAISESPAGTRGTGELFF,1
PT0310_S9_combinedLanes_clones,CQQRYKWPLTF,3
PT0310_S9_combinedLanes_clones,CQQYNNWPMYTF,1
PT0310_S9_combinedLanes_clones,CASSPTGGTKTQYF,7
PT0310_S9_combinedLanes_clones,CAVGAHQAGTALIF,4
PT0310_S9_combinedLanes_clones,CALSG*FR_GGADGLTF,3
PT0310_S9_combinedLanes_clones,CQQYNSYPTWTF,2
PT0310_S9_combinedLanes_clones,CVVNPVGKLIF,7
PT0310_S9_combinedLanes_clones,CAMSANNNARLMF,5
PT0310_S9_combinedLanes_clones,CLQHHSSPFTF,1
PT0310_S9_combinedLanes_clones,CAVKASSGSARQLTF,11
PT0310_S9_combinedLanes_clones,CNSYATSDSYVF,8
PT0310_S9_combinedLanes_clones,CAPGAYNNNDMRF,4
PT0310_S9_combinedLanes_clones,CASSYGRNTEAFF,2
PT0310_S9_combinedLanes_clones,CQQRSNWPSITF,2
PT0310_S9_combinedLanes_clones,CQQSHNIPITF,12
PT0310_S9_combinedLanes_clones,CGTWDRSLSAVVF,3
PT0310_S9_combinedLanes_clones,CQLYDNSPPYTF,21
PT0310_S9_combinedLanes_clones,CQQYNNWPLLTF,5
PT0310_S9_combinedLanes_clones,CILRVV_NKLVF,4
PT0310_S9_combinedLanes_clones,CQQYDSWPLTF,3
PT0310_S9_combinedLanes_clones,CASSPGQGLYEQYF,2
PT0310_S9_combinedLanes_clones,CQQRSNWPPYTF,6
PT0310_S9_combinedLanes_clones,CSGGSG_QNIQYF,1
PT0310_S9_combinedLanes_clones,CAMREDDYKLSF,1
PT0310_S9_combinedLanes_clones,CCLFAGHSSFLYVF,3
PT0310_S9_combinedLanes_clones,CQQYNNWPPAYTF,2
PT0310_S9_combinedLanes_clones,CQQYGSSPRTF,41
PT0310_S9_combinedLanes_clones,CMQSLQTPITF,5
PT0310_S9_combinedLanes_clones,CAGSNQGGKLIF,3
PT0310_S9_combinedLanes_clones,CAASALY_NFNKFYF,1
PT0310_S9_combinedLanes_clones,CQQSYSYPRTF,6
PT0310_S9_combinedLanes_clones,CQQYNKWPPWTF,4
PT0310_S9_combinedLanes_clones,CMQALQTPPTF,6
PT0310_S9_combinedLanes_clones,CASSPPDSGNEKLFF,2
PT0310_S9_combinedLanes_clones,CAVDQHTNAGKSTF,1
PT0310_S9_combinedLanes_clones,CASSLTGGKGPYEQYF,3
PT0310_S9_combinedLanes_clones,CASRGAGGLSYEQYF,64
PT0310_S9_combinedLanes_clones,CILRDDARLMF,7
PT0310_S9_combinedLanes_clones,CQQGSNWPFTF,2
PT0310_S9_combinedLanes_clones,CASSLDEFPEQYF,1
PT0310_S9_combinedLanes_clones,CQQYDTPDMTF,1
PT0310_S9_combinedLanes_clones,CATVREGGSEKLVF,1
PT0310_S9_combinedLanes_clones,CQQYNNWPPATF,1
PT0310_S9_combinedLanes_clones,CASSLGSDTQYF,2
PT0310_S9_combinedLanes_clones,CHQYYSTPLTF,12
PT0310_S9_combinedLanes_clones,CASSQGHYEQYF,4
PT0310_S9_combinedLanes_clones,CGTWDGSLSVTWVF,3
PT0310_S9_combinedLanes_clones,CAVRDWR_QGGKLIF,1
PT0310_S9_combinedLanes_clones,CATVPSGNTGKLIF,1
PT0310_S9_combinedLanes_clones,CNSYTSSNTYVF,1
PT0310_S9_combinedLanes_clones,CATWEGSKKLF,1
PT0310_S9_combinedLanes_clones,CALGGPSLGVWGILTLHADKLIF,5
PT0310_S9_combinedLanes_clones,CAVHLTGGGNKLTF,1
PT0310_S9_combinedLanes_clones,CQQSYSTLLQKTF,2
PT0310_S9_combinedLanes_clones,CASSATGNTGELFF,2
PT0310_S9_combinedLanes_clones,CQQSFMTPPLTF,6
PT0310_S9_combinedLanes_clones,CASSLVATNEKLFF,1
PT0310_S9_combinedLanes_clones,CQQYGSSPPYTF,1
PT0310_S9_combinedLanes_clones,CQQYNIWPWTF,6
PT0310_S9_combinedLanes_clones,CAMREGGE_NNARLMF,6
PT0310_S9_combinedLanes_clones,CASSGTSGRERYEQYF,4
PT0310_S9_combinedLanes_clones,CATWDGRNYYKKLF,2
PT0310_S9_combinedLanes_clones,CQVWERSSDVYAVF,1
PT0310_S9_combinedLanes_clones,CVAWGE_GNKLTF,1
PT0310_S9_combinedLanes_clones,CATAGSGNTGKLIF,2
PT0310_S9_combinedLanes_clones,CAVALSGGFKTIF,10
PT0310_S9_combinedLanes_clones,CAVNEGAGNMLTF,8
PT0310_S9_combinedLanes_clones,CAVKLMDSSYKLIF,1
PT0310_S9_combinedLanes_clones,CQQYDSYSPYTF,1
PT0310_S9_combinedLanes_clones,CQQGFRTPYSF,3
PT0310_S9_combinedLanes_clones,CQTLDTTTAVF,1
PT0310_S9_combinedLanes_clones,CASSVVPANGYTF,1
PT0310_S9_combinedLanes_clones,CQQYKSSSPYTF,1
PT0310_S9_combinedLanes_clones,CIQDAQDPPLIF,1
PT0310_S9_combinedLanes_clones,CASSSYQGDGYTF,25
PT0310_S9_combinedLanes_clones,CASYSSRSTYVF,1
PT0310_S9_combinedLanes_clones,CAGIRGDDKIIF,2
PT0310_S9_combinedLanes_clones,CASSSIAGGELFF,1
PT0310_S9_combinedLanes_clones,CASKPTGSKNIQYF,1
PT0310_S9_combinedLanes_clones,CCSYAGGSSWVF,9
PT0310_S9_combinedLanes_clones,CATWDDSLSGLVF,3
PT0310_S9_combinedLanes_clones,CAAFRGSGNTGKLIF,1
PT0310_S9_combinedLanes_clones,CACRDGGFKTIF,4
PT0310_S9_combinedLanes_clones,CASSFERGGDTQYF,47
PT0310_S9_combinedLanes_clones,CASSSGRSYEQYF,5
PT0310_S9_combinedLanes_clones,CASSPTGIYNEQFF,6
PT0310_S9_combinedLanes_clones,CAGRGTGANNLFF,1
PT0310_S9_combinedLanes_clones,CQQSYSAPLTF,6
PT0310_S9_combinedLanes_clones,CAMGELTGGGNKLTF,1
PT0310_S9_combinedLanes_clones,CALRGSGYSTLTF,64
PT0310_S9_combinedLanes_clones,CQLWDSSSDHYVF,2
PT0310_S9_combinedLanes_clones,CQHYGTSPPVTF,20
PT0310_S9_combinedLanes_clones,CILRDTYGGSQGNLIF,2
PT0310_S9_combinedLanes_clones,CATDTGSARQLTF,3
PT0310_S9_combinedLanes_clones,CASSLRVGDEQFF,2
PT0310_S9_combinedLanes_clones,CMQTIEFPITF,3
PT0310_S9_combinedLanes_clones,CAVNLGGYNKLIF,1
PT0310_S9_combinedLanes_clones,CQQDKNWPPRVTF,7
PT0310_S9_combinedLanes_clones,CASSTKAGTRAYEQYF,2
PT0310_S9_combinedLanes_clones,CNSRDISGSRPVIF,1
PT0310_S9_combinedLanes_clones,CCSYAGSYTYVVF,1
PT0310_S9_combinedLanes_clones,CQQSYVTPYTF,160
PT0310_S9_combinedLanes_clones,CQLYGDSPPYTF,13
PT0310_S9_combinedLanes_clones,CASSPGGWANEKLFF,2
PT0310_S9_combinedLanes_clones,CQQRFNWPPYTF,1
PT0310_S9_combinedLanes_clones,CASWDDSLRGPVF,2
PT0310_S9_combinedLanes_clones,CQQYYSIRPLTF,19
PT0310_S9_combinedLanes_clones,CQQTHSTPYTF,2
PT0310_S9_combinedLanes_clones,CAAPGSGNTPLVF,6
PT0310_S9_combinedLanes_clones,CASSEGEGAYGYTF,9
PT0310_S9_combinedLanes_clones,CQAWGTGIQVF,1
PT0310_S9_combinedLanes_clones,CQEIHSSSLAF,5
PT0310_S9_combinedLanes_clones,CQQYGTSGLTF,4
PT0310_S9_combinedLanes_clones,CAYSTGTASKLTF,2
PT0310_S9_combinedLanes_clones,CQQLYTIPWTF,29
PT0310_S9_combinedLanes_clones,CATWDRSDYKKLF,2
PT0310_S9_combinedLanes_clones,CQQGYSIPRTF,8
PT0310_S9_combinedLanes_clones,CQQSYTTLLVF,1
PT0310_S9_combinedLanes_clones,CCSFAGHSSFLYVF,28
PT0310_S9_combinedLanes_clones,CAPSGGSYIPTF,7
PT0310_S9_combinedLanes_clones,CMQGTHWPFTF,1
PT0310_S9_combinedLanes_clones,CAMTPSNFGNEKLTF,2
PT0310_S9_combinedLanes_clones,CASSPAVTGELFF,1
PT0310_S9_combinedLanes_clones,CCSYAGPNTWLF,4
PT0310_S9_combinedLanes_clones,CASSLAGGSRALSYEQYF,5
PT0310_S9_combinedLanes_clones,CQSADTSGTYVF,6
PT0310_S9_combinedLanes_clones,CLLYYGGAYVF,44
PT0310_S9_combinedLanes_clones,CLQSYISPLSF,14
PT0310_S9_combinedLanes_clones,CASGNSGTQYF,9
PT0310_S9_combinedLanes_clones,CQQSFVTPPLTF,6
PT0310_S9_combinedLanes_clones,CASRGLQGASGYTF,2
PT0310_S9_combinedLanes_clones,CQVWDNHLVVF,2
PT0310_S9_combinedLanes_clones,CSSRDTSGNFVLF,4
PT0310_S9_combinedLanes_clones,CSSYTSSRTPWVF,1
PT0310_S9_combinedLanes_clones,CALSEPGGYQKVTF,2
PT0310_S9_combinedLanes_clones,CAVSDGGFKTIF,2
PT0310_S9_combinedLanes_clones,CAPRAGSYQLTF,2
PT0310_S9_combinedLanes_clones,CQKYNNAPLISF,6
PT0310_S9_combinedLanes_clones,CALTVSGNTGKLIF,6
PT0310_S9_combinedLanes_clones,CAMSDNTNAGKSTF,1
PT0310_S9_combinedLanes_clones,CQQFNSYSPVTF,1
PT0310_S9_combinedLanes_clones,CAVDGRDDKIIF,1
PT0310_S9_combinedLanes_clones,CQQYNTYPWTF,5
PT0310_S9_combinedLanes_clones,CASSLTGGPSYEQYF,3
PT0310_S9_combinedLanes_clones,CASSQVLGTGESNEQFF,2
PT0310_S9_combinedLanes_clones,CAAPPEGTTDSWGKLQF,1
PT0310_S9_combinedLanes_clones,CQQTSSLFGITF,7
PT0310_S9_combinedLanes_clones,CASSLSYEQYF,10
PT0310_S9_combinedLanes_clones,CQQANSFPYTF,2
PT0310_S9_combinedLanes_clones,CAVRDIKGLGEKLTF,1
PT0310_S9_combinedLanes_clones,CLLSYSGGRPVF,2
PT0310_S9_combinedLanes_clones,CAVYYLDSGYALNF,5
PT0310_S9_combinedLanes_clones,CQKYNRAPFTF,10
PT0310_S9_combinedLanes_clones,CQQYYSTLSTTF,2
PT0310_S9_combinedLanes_clones,CMQSLQIPITF,14
PT0310_S9_combinedLanes_clones,CQQYYGDWTF,21
PT0310_S9_combinedLanes_clones,CASSPRQSSYEQYF,1
PT0310_S9_combinedLanes_clones,CASSSGHTTEAFF,3
PT0310_S9_combinedLanes_clones,CCSYAGSSSWVF,3
PT0310_S9_combinedLanes_clones,CHQYYTTPRTF,3
PT0310_S9_combinedLanes_clones,CSTWDDRLSAWVF,1
PT0310_S9_combinedLanes_clones,CQQYGSSQKNTF,4
PT0310_S9_combinedLanes_clones,CQQYYSAPLTF,13
PT0310_S9_combinedLanes_clones,CQHYGRSPLTF,4
PT0310_S9_combinedLanes_clones,CQQYSSSYTF,1
PT0310_S9_combinedLanes_clones,CASSYGRETQYF,1
PT0310_S9_combinedLanes_clones,CQQYDNLPLTF,1
PT0310_S9_combinedLanes_clones,CACDMLPSTGGPGGIDKLIF,1
PT0310_S9_combinedLanes_clones,CQSADSSNTYVF,3
PT0310_S9_combinedLanes_clones,CLQHNSSPNTF,1
PT0310_S9_combinedLanes_clones,CCSYAGSSVF,2
PT0310_S9_combinedLanes_clones,CAVEDYRDDKIIF,4
PT0310_S9_combinedLanes_clones,CSARDGRAGDEQYF,2
PT0310_S9_combinedLanes_clones,CMQALQTPTF,12
PT0310_S9_combinedLanes_clones,CQQANSFPLTF,5
PT0310_S9_combinedLanes_clones,CQQANSFPRTF,2
PT0310_S9_combinedLanes_clones,CQQYNSFLYTF,1
PT0310_S9_combinedLanes_clones,CALSDQNQGGKLIF,6
PT0310_S9_combinedLanes_clones,CQTWGTGFPYWVF,2
PT0310_S9_combinedLanes_clones,CQQYNNWPPYTF,3
PT0310_S9_combinedLanes_clones,CASSLDSYGDQPQHF,1
PT0310_S9_combinedLanes_clones,CATWDGAGYYKKLF,1
PT0310_S9_combinedLanes_clones,CSAHWAETQYF,1
PT0310_S9_combinedLanes_clones,CQQTFSKPYTF,3
PT0310_S9_combinedLanes_clones,CQSYDRTLSGSVF,11
PT0310_S9_combinedLanes_clones,CSAKGTGRGSNQPQHF,1
PT0310_S9_combinedLanes_clones,CALTGGGGSNYKLTF,2
PT0310_S9_combinedLanes_clones,CQQGYSTPYTF,132
PT0310_S9_combinedLanes_clones,CASSFGGGNNEQFF,3
PT0310_S9_combinedLanes_clones,CASSPLARDYEEGETQYF,17
PT0310_S9_combinedLanes_clones,CAGSYSQGHYEQYF,1
PT0310_S9_combinedLanes_clones,CASSFGLAYEQYF,1
PT0310_S9_combinedLanes_clones,CQQYNNWPPMYTF,2
PT0310_S9_combinedLanes_clones,CAASTGGSQGNLIF,1
PT0310_S9_combinedLanes_clones,CACYNQAGTALIF,54
PT0310_S9_combinedLanes_clones,CQQYGSSPITF,4
PT0310_S9_combinedLanes_clones,CQQYKSWPWTF,3
PT0310_S9_combinedLanes_clones,CASSEVGSRFSGANVLTF,2
PT0310_S9_combinedLanes_clones,CAGAY*NTGFQKLVF,1
PT0310_S9_combinedLanes_clones,CAMRKDDKIIF,6
PT0310_S9_combinedLanes_clones,CQQSYSIPLTF,7
PT0310_S9_combinedLanes_clones,CQQYNNWPITF,11
PT0310_S9_combinedLanes_clones,CQVWGRSSGNPVF,1
PT0310_S9_combinedLanes_clones,CASSFSSFITPGNEQFF,53
PT0310_S9_combinedLanes_clones,CKQYYNTPWTF,1
PT0310_S9_combinedLanes_clones,CAMEGNDYKLSF,1
PT0310_S9_combinedLanes_clones,CQQRTSWPLTF,30
PT0310_S9_combinedLanes_clones,CLLSYGGTWVF,12
PT0310_S9_combinedLanes_clones,CLSYASRDHWVF,1
PT0310_S9_combinedLanes_clones,CAAAPLTGNQFYF,2
PT0310_S9_combinedLanes_clones,CQVWDNPSDHLVF,14
PT0310_S9_combinedLanes_clones,CHQYGTSPYTF,1
PT0310_S9_combinedLanes_clones,CASSPPEGGVEDTQYF,23
PT0310_S9_combinedLanes_clones,CASSSGRNYGYTF,33
PT0310_S9_combinedLanes_clones,CASSLGAAGVGYTF,6
PT0310_S9_combinedLanes_clones,CAETPPSGGYNKLIF,4
PT0310_S9_combinedLanes_clones,CQHYNTLPLTF,5
PT0310_S9_combinedLanes_clones,CAAWDESLNGVGF,2
PT0310_S9_combinedLanes_clones,CAGRGGSTLGRLYF,4
PT0310_S9_combinedLanes_clones,CQAWDRSLGVF,2
PT0310_S9_combinedLanes_clones,CSAKAGDAGGRYEQYF,3
PT0310_S9_combinedLanes_clones,CQQSYTMPYTF,2
PT0310_S9_combinedLanes_clones,CVVNTGGGADGLTF,4
PT0310_S9_combinedLanes_clones,CQQYKSDPYTF,3
PT0310_S9_combinedLanes_clones,CLSYTNRGVRVF,1
PT0310_S9_combinedLanes_clones,CVVSADNYGQNFVF,2
PT0310_S9_combinedLanes_clones,CASSPLLGANVLTF,1
PT0310_S9_combinedLanes_clones,CQQYYETRPLTF,2
PT0310_S9_combinedLanes_clones,CAAPDGSGNTGKLIF,40
PT0310_S9_combinedLanes_clones,CQSYDSSLRGWVF,4
PT0310_S9_combinedLanes_clones,CAAWDDSLNGVIF,8
PT0310_S9_combinedLanes_clones,CAVPVSGSARQLTF,1
PT0310_S9_combinedLanes_clones,CAGQSWAGNMLTF,1
PT0310_S9_combinedLanes_clones,CQQYGSSPWTF,1
PT0310_S9_combinedLanes_clones,CQQSFATPQTF,9
PT0310_S9_combinedLanes_clones,CQQYNSLFTF,85
PT0310_S9_combinedLanes_clones,CILMTMNRDDKIIF,2
PT0310_S9_combinedLanes_clones,CSAPHANTGELFF,4
PT0310_S9_combinedLanes_clones,CQQRDNWTF,3
PT0310_S9_combinedLanes_clones,CAASGGSARQLTF,3
PT0310_S9_combinedLanes_clones,CSSYTTSTKGLF,7
PT0310_S9_combinedLanes_clones,CAVRDLE_SYIPTF,1
PT0310_S9_combinedLanes_clones,CMQALQTPLTF,2
PT0310_S9_combinedLanes_clones,CQQYNTYFSF,1
PT0310_S9_combinedLanes_clones,CASSRGVDGYTF,4
PT0310_S9_combinedLanes_clones,CQQSHSAPYTF,3
PT0310_S9_combinedLanes_clones,CQQYYTTPCTF,2
PT0310_S9_combinedLanes_clones,CMQRIEFPLTF,6
PT0310_S9_combinedLanes_clones,CASSLGGPQHF,2
PT0310_S9_combinedLanes_clones,CATDKTGGGADGLTF,6
PT0310_S9_combinedLanes_clones,CSSYAGTNPLYVF,1
PT0310_S9_combinedLanes_clones,CAVRAYSGGGADGLTF,22
PT0310_S9_combinedLanes_clones,CSAWDDSLNGYVF,16
PT0310_S9_combinedLanes_clones,CAAWDDSLNGVVF,7
PT0310_S9_combinedLanes_clones,CSARDGGEQYF,14
PT0310_S9_combinedLanes_clones,CQSYDSGLIPVF,1
PT0310_S9_combinedLanes_clones,CALHLARGILVF,19
PT0310_S9_combinedLanes_clones,CQTYDNGLRGLVF,15
PT0310_S9_combinedLanes_clones,CMQDTQFPFTF,7
PT0310_S9_combinedLanes_clones,CASSFGGAYEQYF,4
PT0310_S9_combinedLanes_clones,CASSILPGNTIYF,2
PT0310_S9_combinedLanes_clones,CMQGLQTPFTF,42
PT0310_S9_combinedLanes_clones,CQHYFNIRPLTF,1
PT0310_S9_combinedLanes_clones,CAVGPGSDTDKLIF,25
PT0310_S9_combinedLanes_clones,CATSRDSSGGYEQYF,2
PT0310_S9_combinedLanes_clones,CQQYYSTPLTF,2
PT0310_S9_combinedLanes_clones,CQQSFSTPPLTF,11
PT0310_S9_combinedLanes_clones,CAVFGDTGKLIF,40
PT0310_S9_combinedLanes_clones,CQQYYTYPLTF,1
PT0310_S9_combinedLanes_clones,CAACL_YKKLF,3
PT0310_S9_combinedLanes_clones,CHTWATAIWVF,6
PT0310_S9_combinedLanes_clones,CQQYNSFPYTF,1
PT0310_S9_combinedLanes_clones,CASSQELLVDEQFF,14
PT0310_S9_combinedLanes_clones,CQQYNSYWTF,4
PT0310_S9_combinedLanes_clones,CMQPLQIPRTF,2
PT0310_S9_combinedLanes_clones,CLQHNSYPWTF,1
PT0310_S9_combinedLanes_clones,CSSYTKSFTWVF,3
PT0310_S9_combinedLanes_clones,CAARTVTSGTYKYIF,1
PT0310_S9_combinedLanes_clones,CVVTPGNKLIF,3
PT0310_S9_combinedLanes_clones,CQQSHNLPITF,8
PT0310_S9_combinedLanes_clones,CILREKKW_ATNKLIF,2
PT0310_S9_combinedLanes_clones,CASSLGGQVYGYTF,8
PT0310_S9_combinedLanes_clones,CSSYTSSSTQVF,4
PT0310_S9_combinedLanes_clones,CQQRSNWPLTF,7
PT0310_S9_combinedLanes_clones,CASIPGDTTNTEAFF,1
PT0310_S9_combinedLanes_clones,CAVVTTGANNLFF,1
PT0310_S9_combinedLanes_clones,CASNLGNYGYTF,1
PT0310_S9_combinedLanes_clones,CQQYFSTPLTF,2
PT0310_S9_combinedLanes_clones,CLVGGNTGGFKTIF,2
PT0310_S9_combinedLanes_clones,CASRGDSYEQYF,6
PT0310_S9_combinedLanes_clones,CAVDLYSGAGSYQLTF,4
PT0310_S9_combinedLanes_clones,CASSQDRRGHYGYTF,1
PT0310_S9_combinedLanes_clones,CQLCGASSLTF,3
PT0310_S9_combinedLanes_clones,CASSLGQLGYEQYF,2
PT0310_S9_combinedLanes_clones,CQQSLNTPRTF,3
PT0310_S9_combinedLanes_clones,CVLYVGSGISVF,1
PT0310_S9_combinedLanes_clones,CQVWNISSDHWVF,1
PT0310_S9_combinedLanes_clones,CASSLLGMINTDTQYF,1
PT0310_S9_combinedLanes_clones,CATSDPSREGTGELFF,3
PT0310_S9_combinedLanes_clones,CQFYGNSPPYTF,6
PT0310_S9_combinedLanes_clones,CQQSYIIPPTF,134
PT0310_S9_combinedLanes_clones,CSSYAGSNNLIF,1
PT0310_S9_combinedLanes_clones,CQQYDNLPRTF,23
PT0310_S9_combinedLanes_clones,CASSAGQGPDEQFF,3
PT0310_S9_combinedLanes_clones,CQQYYTSPRTF,7
PT0310_S9_combinedLanes_clones,CQQYDTYWTF,2
PT0310_S9_combinedLanes_clones,CSAWDDSLKGYVF,2
PT0310_S9_combinedLanes_clones,CQQYNSYPLTF,1
PT0310_S9_combinedLanes_clones,CAASPFGNEKLTF,2
PT0310_S9_combinedLanes_clones,CLLYQSGVYVF,6
PT0310_S9_combinedLanes_clones,CQFYDNSPPYTF,7
PT0310_S9_combinedLanes_clones,CSSYSGKTSLVF,4
PT0310_S9_combinedLanes_clones,CCSYVGSSTYVF,34
PT0310_S9_combinedLanes_clones,CALSGSSYNTDKLIF,1
PT0310_S9_combinedLanes_clones,CSAHGLADLFQETQYF,1
PT0310_S9_combinedLanes_clones,CQQYYNTPWTF,4
PT0310_S9_combinedLanes_clones,CMQATQFPPTF,4
PT0310_S9_combinedLanes_clones,CATLGRNEQFF,1
PT0310_S9_combinedLanes_clones,CCSFAGSSTFLYVF,3
PT0310_S9_combinedLanes_clones,CQYYGDSRFTF,1
PT0310_S9_combinedLanes_clones,CAANSFDP_NYYKKLF,1
PT0310_S9_combinedLanes_clones,CQVWDTSSDQPVF,36
PT0310_S9_combinedLanes_clones,CQQRSNWPPGVTF,19
PT0310_S9_combinedLanes_clones,CQQYKNWPWTF,2
PT0310_S9_combinedLanes_clones,CQQCNDWPLTF,1
PT0310_S9_combinedLanes_clones,CAESQRNQGGKLIF,27
PT0310_S9_combinedLanes_clones,CASSEGVQETQYF,1
PT0310_S9_combinedLanes_clones,CAVSLQGAQKLVF,3
PT0310_S9_combinedLanes_clones,CQQSHSVPRTF,2
PT0310_S9_combinedLanes_clones,CQQSYTLPRTF,8
PT0310_S9_combinedLanes_clones,CQQPSHYSLTF,48
PT0310_S9_combinedLanes_clones,CASSLSGNSPLHF,3
PT0310_S9_combinedLanes_clones,CALSFPKGGATNKLIF,2
PT0310_S9_combinedLanes_clones,CAVRSSRNNNDMRF,4
PT0310_S9_combinedLanes_clones,CQSYDSGLRGVF,10
PT0310_S9_combinedLanes_clones,CASSLPAGTIFSTEAFF,2
PT0310_S9_combinedLanes_clones,CASLGTGTYNEQFF,1
PT0310_S9_combinedLanes_clones,CSAGLEGAKNIQYF,4
PT0310_S9_combinedLanes_clones,CAASAQSNSGYALNF,1
PT0310_S9_combinedLanes_clones,CMQSLQTQITF,3
PT0310_S9_combinedLanes_clones,CCSYTVNFVVF,7
PT0310_S9_combinedLanes_clones,CSSRDTSGNLVLF,7
PT0310_S9_combinedLanes_clones,CQQNYIKRTF,2
PT0310_S9_combinedLanes_clones,CQQYGYSPPGYTF,9
PT0310_S9_combinedLanes_clones,CASSLEASGQ_KRAYNEQFF,1
PT0310_S9_combinedLanes_clones,CHQYYSTPLSF,4
PT0310_S9_combinedLanes_clones,CSSYTSRSTHYVF,1
PT0310_S9_combinedLanes_clones,CLQYYSTPLSF,2
PT0310_S9_combinedLanes_clones,CAASTNDYKLSF,2
PT0310_S9_combinedLanes_clones,CAASGEL_GQNFVF,1
PT0310_S9_combinedLanes_clones,CSVARLTSNTEAFF,3
PT0310_S9_combinedLanes_clones,CLQCGASPLTF,15
PT0310_S9_combinedLanes_clones,CASTAYIGNTIYF,4
PT0310_S9_combinedLanes_clones,CAVSARGTSGSRLTF,1
PT0310_S9_combinedLanes_clones,CIVRSFQ_GQKLLF,1
PT0310_S9_combinedLanes_clones,CCSYAGSYSYLF,1
PT0310_S9_combinedLanes_clones,CQQYYSSPYTF,4
PT0310_S9_combinedLanes_clones,CASRLLQNTGELFF,1
PT0310_S9_combinedLanes_clones,CASSVEAGTSDGEYQETQYF,2
PT0310_S9_combinedLanes_clones,CASSFIAGPYNEQFF,2
PT0310_S9_combinedLanes_clones,CQQSYSRLFSF,4
PT0310_S9_combinedLanes_clones,CATLRQEDNYGYTF,4
PT0310_S9_combinedLanes_clones,CASSLFGDGYTF,1
PT0310_S9_combinedLanes_clones,CVVSDHARLMF,12
PT0310_S9_combinedLanes_clones,CASSPTEDEKLFF,3
PT0310_S9_combinedLanes_clones,CASSLLAGRYEQYF,2
PT0310_S9_combinedLanes_clones,CAIYGRK_TPGSCFF,1
PT0310_S9_combinedLanes_clones,CQQYFIPRQVSF,44
PT0310_S9_combinedLanes_clones,CQRSLNTPLTF,1
PT0310_S9_combinedLanes_clones,CVLYMGGGMVF,4
PT0310_S9_combinedLanes_clones,CAVRDYNTDKLIF,1
PT0310_S9_combinedLanes_clones,CQQSYGTPWTF,9
PT0310_S9_combinedLanes_clones,CMQGLQTPGF,3
PT0310_S9_combinedLanes_clones,CGTWDSRLSAVVF,4
PT0310_S9_combinedLanes_clones,CASRLRDRGLTDTQYF,1
PT0310_S9_combinedLanes_clones,CAVSADTGTASKLTF,3
PT0310_S9_combinedLanes_clones,CAVRLNRDDKIIF,2
PT0310_S9_combinedLanes_clones,CQQYHSTPLSF,6
PT0310_S9_combinedLanes_clones,CASSGMQETQYF,16
PT0310_S9_combinedLanes_clones,CASRRTGRNQPQHF,2
PT0310_S9_combinedLanes_clones,CAISDTGWNTEAFF,14
PT0310_S9_combinedLanes_clones,CAVSEGNTGFQKLVF,4
PT0310_S9_combinedLanes_clones,CASSLDSRELFF,2
PT0310_S9_combinedLanes_clones,CATDLIQGAQKLVF,1
PT0310_S9_combinedLanes_clones,CQQYHSYSPYTF,15
PT0310_S9_combinedLanes_clones,CQQYNNWPWTF,3
PT0310_S9_combinedLanes_clones,CSSYTTRTTLIF,3
PT0310_S9_combinedLanes_clones,CALSEGYGGATNKLIF,1
PT0310_S9_combinedLanes_clones,CASSWLNTGTEAFF,3
PT0310_S9_combinedLanes_clones,CQQSFGVPRTF,6
PT0310_S9_combinedLanes_clones,CAWDWGDRNEQYF,1
PT0310_S9_combinedLanes_clones,CSSYTGTSTLSFVF,4
PT0310_S9_combinedLanes_clones,CASSEYSGFWYEQYF,8
PT0310_S9_combinedLanes_clones,CQQYGSSPPTF,3
PT0310_S9_combinedLanes_clones,CQQLYTISWTF,1
PT0310_S9_combinedLanes_clones,CAAGPYNDMRF,4
PT0310_S9_combinedLanes_clones,CASSLGRGETQYF,2
PT0310_S9_combinedLanes_clones,CASSLSWVEEQYF,2
PT0310_S9_combinedLanes_clones,CQQTYTMFFTF,3
PT0310_S9_combinedLanes_clones,CATAPGDMRF,1
PT0310_S9_combinedLanes_clones,CQQYYTTPYTF,1
PT0310_S9_combinedLanes_clones,CRQSHNIPITF,1
PT0310_S9_combinedLanes_clones,CSSYTTYNTLRVF,1
PT0310_S9_combinedLanes_clones,CASRREGAANYGYTF,2
PT0310_S9_combinedLanes_clones,CIVRVLNNNARLMF,4
PT0310_S9_combinedLanes_clones,CQQYYSNIPTF,2
PT0310_S9_combinedLanes_clones,CQQSYSTLSLTF,1
PT0310_S9_combinedLanes_clones,CQQYSTYWTF,3
PT0310_S9_combinedLanes_clones,CQQSYNTFRSF,1
PT0310_S9_combinedLanes_clones,CQQRSNWITF,1
PT0310_S9_combinedLanes_clones,CASSDSRYTSYNEQFF,39
PT0310_S9_combinedLanes_clones,CAARSLRGLLF,2
PT0310_S9_combinedLanes_clones,CQHGETF,36
PT0310_S9_combinedLanes_clones,CASSPSGTAYEQYF,1
PT0310_S9_combinedLanes_clones,CALRRNSGNTPLVF,11
PT0310_S9_combinedLanes_clones,CAARRAGAGSYQLTF,3
PT0310_S9_combinedLanes_clones,CATDEINNQGGKLIF,4
PT0310_S9_combinedLanes_clones,CGTWDYSLTTLVVF,1
PT0310_S9_combinedLanes_clones,CASSLGGPGYEQYF,1
PT0310_S9_combinedLanes_clones,CQQRSVWPPAF,8
PT0310_S9_combinedLanes_clones,CQQYYTTPLTF,2
PT0310_S9_combinedLanes_clones,CASSFKDRGLTDTQYF,3
PT0310_S9_combinedLanes_clones,CSSYAGSNNLRVF,1
PT0310_S9_combinedLanes_clones,CEQSYDTPALTF,1
PT0310_S9_combinedLanes_clones,CASSLGVPGANVLTF,4
PT0310_S9_combinedLanes_clones,CALSAPFSNDYKLSF,1
PT0310_S9_combinedLanes_clones,CQVWDTSSDYHVVF,1
PT0310_S9_combinedLanes_clones,CASSLTGLSYEQYF,2
PT0310_S9_combinedLanes_clones,CQVWDNDSVVF,1
PT0310_S9_combinedLanes_clones,CQQYGSSPYTF,5
PT0310_S9_combinedLanes_clones,CQQYNTWLYTF,1
PT0310_S9_combinedLanes_clones,CACDTDTGGYVDTDKLIF,7
PT0310_S9_combinedLanes_clones,CATDVKGANVLTF,15
PT0310_S9_combinedLanes_clones,CASSPQTGTWETQYF,4
PT0310_S9_combinedLanes_clones,CYSGDSTGNHYVF,1
PT0310_S9_combinedLanes_clones,CQQYSTYSETF,1
PT0310_S9_combinedLanes_clones,CQAWDGNTVIF,36
PT0310_S9_combinedLanes_clones,CATSDAGQGPDTQYF,1
PT0310_S9_combinedLanes_clones,CLLYSSGTYFF,4
PT0310_S9_combinedLanes_clones,CQQYTTYTF,2
PT0310_S9_combinedLanes_clones,CSSFAGSNIYVF,3
PT0310_S9_combinedLanes_clones,CAAAWGLL_SARQLTF,1
PT0310_S9_combinedLanes_clones,CASSFRDRGDSPLHF,1
PT0310_S9_combinedLanes_clones,CQ*_ETF,1
PT0310_S9_combinedLanes_clones,CAVRDQNAGNMLTF,1
PT0310_S9_combinedLanes_clones,CASIGDNAGNMLTF,2
PT0310_S9_combinedLanes_clones,CALGERFPGLTGLRHYGTDKLIF,1
PT0310_S9_combinedLanes_clones,CSSHAGSNNLGVF,3
PT0310_S9_combinedLanes_clones,CQQYFDVPTTF,1
PT0310_S9_combinedLanes_clones,CAFMKPGGSEKLVF,1
PT0310_S9_combinedLanes_clones,CLHYLGSGIWVF,2
PT0310_S9_combinedLanes_clones,CQQYYDAPYTF,2
PT0310_S9_combinedLanes_clones,CASSLALGLAGEVNNEQFF,4
PT0310_S9_combinedLanes_clones,CQSYDRTLSGSLF,1
PT0310_S9_combinedLanes_clones,CCSYAGSSTWVF,1
PT0310_S9_combinedLanes_clones,CAMSARGGGNKLTF,2
PT0310_S9_combinedLanes_clones,CMQGTNWPYTF,2
PT0310_S9_combinedLanes_clones,CAVLYFGNEKLTF,1
PT0310_S9_combinedLanes_clones,CMQGLQTAITF,2
PT0310_S9_combinedLanes_clones,CQQYYDTPTF,3
PT0310_S9_combinedLanes_clones,CQSYHSSNRIF,1
PT0310_S9_combinedLanes_clones,CQVWDYNSDHYVF,1
PT0310_S9_combinedLanes_clones,CQQYGSSWTF,1
PT0310_S9_combinedLanes_clones,CCSYAGNSYVF,3
PT0310_S9_combinedLanes_clones,CASSPTGWSEQYF,3
PT0310_S9_combinedLanes_clones,CAGGRGQAGTALIF,2
PT0310_S9_combinedLanes_clones,CASSSGQVNYEQYF,14
PT0310_S9_combinedLanes_clones,CQQSYNTLWTF,2
PT0310_S9_combinedLanes_clones,CQQSYDTPALTF,3
PT0310_S9_combinedLanes_clones,CASTSNQPQHF,2
PT0310_S9_combinedLanes_clones,CASSLGFEVDGYTF,1
PT0310_S9_combinedLanes_clones,CASRPRGRETQYF,2
PT0310_S9_combinedLanes_clones,CHQYSRYAYTF,11
PT0310_S9_combinedLanes_clones,CALGELSYGGSQGNLIF,3
PT0310_S9_combinedLanes_clones,CAWAGDAGTEAFF,2
PT0310_S9_combinedLanes_clones,CATWDSSLSTVVF,1
PT0310_S9_combinedLanes_clones,CASSYSILNTEAFF,1
PT0310_S9_combinedLanes_clones,CSAREWQGPDTQYF,6
PT0310_S9_combinedLanes_clones,CLLYYGNGRGVF,2
PT0310_S9_combinedLanes_clones,CASSTTGVGTDTQYF,1
PT0310_S9_combinedLanes_clones,CQSYDSSDHWVF,2
PT0310_S9_combinedLanes_clones,CAARGGNQFYF,1
PT0310_S9_combinedLanes_clones,CQHRAIRPRLVTF,1
PT0310_S9_combinedLanes_clones,CQQYNSYPITF,2
PT0310_S9_combinedLanes_clones,CQKYNSAPWAF,7
PT0310_S9_combinedLanes_clones,CASSIVSYGYTF,2
PT0310_S9_combinedLanes_clones,CQQSHSTPYTF,5
PT0310_S9_combinedLanes_clones,CLQYNTYPWTF,52
PT0310_S9_combinedLanes_clones,CQRSLSTPLTF,4
PT0310_S9_combinedLanes_clones,CVVSHNQAGTALIF,3
PT0310_S9_combinedLanes_clones,CQQYYTRPFTF,13
PT0310_S9_combinedLanes_clones,CAFMKLR_TGNQFYF,1
PT0310_S9_combinedLanes_clones,CASSEGGWNTEAFF,3
PT0310_S9_combinedLanes_clones,CSSYRSTSTGTRVLF,2
PT0310_S9_combinedLanes_clones,CQQYNTWPLTF,28
PT0310_S9_combinedLanes_clones,CSSYAVSKSYVF,6
PT0310_S9_combinedLanes_clones,CAGGAGTASKLTF,1
PT0310_S9_combinedLanes_clones,CQQYNFYPWTF,2
PT0310_S9_combinedLanes_clones,CQQSFMAPPLTF,1
PT0310_S9_combinedLanes_clones,CQKHNSAPLTF,1
PT0310_S9_combinedLanes_clones,CAVKEGSGNTGKLIF,5
PT0310_S9_combinedLanes_clones,CQQYGSSPGITF,1
PT0310_S9_combinedLanes_clones,CVAWGGGGNKLTF,12
PT0310_S9_combinedLanes_clones,CQQSLSNPPTF,4
PT0310_S9_combinedLanes_clones,CQQYDSAPYTF,6
PT0310_S9_combinedLanes_clones,CASSATGIQIDTQYF,2
PT0310_S9_combinedLanes_clones,CQQSFETPPLTF,3
PT0310_S9_combinedLanes_clones,CATWDDSRIALF,1
PT0310_S9_combinedLanes_clones,CQQSLSIPYTF,30
PT0310_S9_combinedLanes_clones,CSSSGGNSWLF,3
PT0310_S9_combinedLanes_clones,CAYSSGTASKLTF,1
PT0310_S9_combinedLanes_clones,CASEADTQYF,10
PT0310_S9_combinedLanes_clones,CQQYGSSPVTF,1
PT0310_S9_combinedLanes_clones,CAASIGETSGSRLTF,1
PT0310_S9_combinedLanes_clones,CQQYHNWPRTF,2
PT0310_S9_combinedLanes_clones,CSSYKSSSTLHYVF,2
PT0310_S9_combinedLanes_clones,CSSFSTPTTSVLF,1
PT0310_S9_combinedLanes_clones,CATSDPSR_KAPGSCFF,1
PT0310_S9_combinedLanes_clones,CALDNQTGANNLFF,10
PT0310_S9_combinedLanes_clones,CASSFGGPYEQYF,1
PT0310_S9_combinedLanes_clones,CSSYTSSSTYVF,10
PT0310_S9_combinedLanes_clones,CAASSAGNMLTF,4
PT0310_S9_combinedLanes_clones,CASSQEVTGVSYEQYF,1
PT0310_S9_combinedLanes_clones,CASSHNHNEQFF,5
PT0310_S9_combinedLanes_clones,CAAARIGAGSYQLTF,3
PT0310_S9_combinedLanes_clones,CAPTQGANSKLTF,1
PT0310_S9_combinedLanes_clones,CSSYAGSSVTLF,5
PT0310_S9_combinedLanes_clones,CAAGPSSGSARQLTF,2
PT0310_S9_combinedLanes_clones,CGAWDTSLSAVIF,3
PT0310_S9_combinedLanes_clones,CMQSLRMGTF,2
PT0310_S9_combinedLanes_clones,CSVYRGHEQFF,2
PT0310_S9_combinedLanes_clones,CATSSRLTDTQYF,1
PT0310_S9_combinedLanes_clones,CQQTY_YPWTF,1
PT0310_S9_combinedLanes_clones,CAVKESSGGSNYKLTF,2
PT0310_S9_combinedLanes_clones,CASSQDRAGTYGYTF,3
PT0310_S9_combinedLanes_clones,CALGERSNDYKLSF,2
PT0310_S9_combinedLanes_clones,CAVRDSRNNNDMRF,2
PT0310_S9_combinedLanes_clones,CQVWDSSTDHWVF,2
PT0310_S9_combinedLanes_clones,CASSLQPGLGYEQYF,1
PT0310_S9_combinedLanes_clones,CQVWDISSDHWVF,1
PT0310_S9_combinedLanes_clones,CHQYHSNPPTF,1
PT0310_S9_combinedLanes_clones,CASSLETPTNEQFF,1
PT0310_S9_combinedLanes_clones,CASSPYASSYEQYF,2
PT0310_S9_combinedLanes_clones,CQQRSNWTF,1
PT0310_S9_combinedLanes_clones,CQQYYSNPLTF,7
PT0310_S9_combinedLanes_clones,CQQSYSTPLTF,2
PT0310_S9_combinedLanes_clones,CQQYNSYPYTF,2
PT0310_S9_combinedLanes_clones,CQLYGNSPPYTF,2
PT0310_S9_combinedLanes_clones,CQQSLSIPHTF,30
PT0310_S9_combinedLanes_clones,CAVRLSF,1
PT0310_S9_combinedLanes_clones,CSASDTGLSARVF,2
PT0310_S9_combinedLanes_clones,CASSGQFLNYEQYF,66
PT0310_S9_combinedLanes_clones,CAENKEKLTF,1
PT0310_S9_combinedLanes_clones,CVVNPLMNYGGSQGNLIF,1
PT0310_S9_combinedLanes_clones,CAMRPYNQGGKLIF,1
PT0310_S9_combinedLanes_clones,CASSQSRGAQQYF,1
PT0310_S9_combinedLanes_clones,CMQATQFPVTF,2
PT0310_S9_combinedLanes_clones,CQQTYSVPLTF,1
PT0310_S9_combinedLanes_clones,CQTWATAIWVF,2
PT0310_S9_combinedLanes_clones,CQSYDNSLSGWVF,4
PT0310_S9_combinedLanes_clones,CGTEIGGGKLIF,3
PT0310_S9_combinedLanes_clones,CQQRGNWPLTF,4
PT0310_S9_combinedLanes_clones,CASGLAGGPPYEQYF,3
PT0310_S9_combinedLanes_clones,CASSTPRTGRNTEAFF,2
PT0310_S9_combinedLanes_clones,CAVRDYTDKLIF,10
PT0310_S9_combinedLanes_clones,CQAWDSSHVVF,4
PT0310_S9_combinedLanes_clones,CQQYKSYWYAF,1
PT0310_S9_combinedLanes_clones,CASSLGTTGGETQYF,1
PT0310_S9_combinedLanes_clones,CAVGADDMRF,33
PT0310_S9_combinedLanes_clones,CAVNTPTGFQKLVF,2
PT0310_S9_combinedLanes_clones,CAAWDYGKLF,3
PT0310_S9_combinedLanes_clones,CQQSLQTPFTF,1
PT0310_S9_combinedLanes_clones,CVIYMGRGSWVF,10
PT0310_S9_combinedLanes_clones,CASSQDLLAAYGYTF,37
PT0310_S9_combinedLanes_clones,CALSKGIGGAQKLVF,1
PT0310_S9_combinedLanes_clones,CQQSHSLPRTF,2
PT0310_S9_combinedLanes_clones,CQQSYSSPTF,1
PT0310_S9_combinedLanes_clones,CQTWGTGHVAF,2
PT0310_S9_combinedLanes_clones,CQQSNTSPFTF,42
PT0310_S9_combinedLanes_clones,CQQYSSSPYTF,9
PT0310_S9_combinedLanes_clones,CASSEDRFSYEQYF,1
PT0310_S9_combinedLanes_clones,CQQYDSTPYTF,7
PT0310_S9_combinedLanes_clones,CQSPDSSGTYVF,1
PT0310_S9_combinedLanes_clones,CQQSHSVPYTF,5
PT0310_S9_combinedLanes_clones,CASRGRSQPQHF,5
PT0310_S9_combinedLanes_clones,CASSEGPGGSSYNEQFF,165
PT0310_S9_combinedLanes_clones,CTSYAGYNSVLF,1
PT0310_S9_combinedLanes_clones,CQQYDNWPPGVF,6
PT0310_S9_combinedLanes_clones,CAVSDKEL_SARQLTF,2
PT0310_S9_combinedLanes_clones,CSSYTSSTTRVF,1
PT0310_S9_combinedLanes_clones,CASSHPDRGLGYTF,4
PT0310_S9_combinedLanes_clones,CAVRDLGDYKLSF,12
PT0310_S9_combinedLanes_clones,CSARSTTEAFF,1
PT0310_S9_combinedLanes_clones,CAWMDSSYKLIF,2
PT0310_S9_combinedLanes_clones,CAASRGDYKLSF,2
PT0310_S9_combinedLanes_clones,CLVGDKSNTGKLIF,2
PT0310_S9_combinedLanes_clones,CLHYGRSPPVTF,6
PT0310_S9_combinedLanes_clones,CQHYNNWLRSF,2
PT0310_S9_combinedLanes_clones,CQSYDSSLSGSYVF,3
PT0310_S9_combinedLanes_clones,CQQNYSPPYTF,1
PT0310_S9_combinedLanes_clones,CQQSFSTPWTF,3
PT0310_S9_combinedLanes_clones,CMQALQTPRSF,140
PT0310_S9_combinedLanes_clones,CAAWDDSRRGWVF,2
PT0310_S9_combinedLanes_clones,CAVTRSNQFYF,8
PT0310_S9_combinedLanes_clones,CQQYYSTPYTF,8
PT0310_S9_combinedLanes_clones,CQQRAHWPPYTF,4
PT0310_S9_combinedLanes_clones,CASTSGGVAGANVLTF,5
PT0310_S9_combinedLanes_clones,CATARLDRGSTLGRLYF,5
PT0310_S9_combinedLanes_clones,CASRPRGAYEQYF,1
PT0310_S9_combinedLanes_clones,CNSRDTGGNHRVF,4
PT0310_S9_combinedLanes_clones,CCSYAGSSTYVF,8
PT0310_S9_combinedLanes_clones,CQQRFNWITF,4
PT0310_S9_combinedLanes_clones,CAMKGSARQLTF,2
PT0310_S9_combinedLanes_clones,CMQATQSITF,2
PT0310_S9_combinedLanes_clones,CASSRRPRGSSYNEQFF,1
PT0310_S9_combinedLanes_clones,CASSLGQVSGNRPSTDTQYF,1
PT0310_S9_combinedLanes_clones,CASGTGGNEQYF,4
PT0310_S9_combinedLanes_clones,CAARSHNDYKLSF,5
PT0310_S9_combinedLanes_clones,CQQYDSSPLTF,1
PT0310_S9_combinedLanes_clones,CASSLRQGA_LMNTEAFF,2
PT0310_S9_combinedLanes_clones,CQVWDNSGDPGAVF,3
PT0310_S9_combinedLanes_clones,CAAWDDSLNDWAF,1
PT0310_S9_combinedLanes_clones,CQQLNAYPLTF,1
PT0310_S9_combinedLanes_clones,CQQYYSSPLTF,3
PT0310_S9_combinedLanes_clones,CAWSGGSAYEQYF,1
PT0310_S9_combinedLanes_clones,CQQSDSNPFTF,1
PT0310_S9_combinedLanes_clones,CASSDRVLAFF,1
PT0310_S9_combinedLanes_clones,CQHRRDWPPLTF,3
PT0310_S9_combinedLanes_clones,CAVRDEWGGANNLFF,1
PT0310_S9_combinedLanes_clones,CQQYDNWPPITF,4
PT0310_S9_combinedLanes_clones,CGAWDSSLSPYVF,2
PT0310_S9_combinedLanes_clones,CQSRDDSGNLVVF,6
PT0310_S9_combinedLanes_clones,CQQYFNIRPLTF,18
PT0310_S9_combinedLanes_clones,CQQSYSATLTF,1
PT0310_S9_combinedLanes_clones,CLHYGSSPPVTF,3
PT0310_S9_combinedLanes_clones,CLQYGSSWTF,1
PT0310_S9_combinedLanes_clones,CQHYNIWPYTF,1
PT0310_S9_combinedLanes_clones,CQQRTDWPLTF,50
PT0310_S9_combinedLanes_clones,CASSGLGGGTDTQYF,4
PT0310_S9_combinedLanes_clones,CQQRSNWPLFTF,2
PT0310_S9_combinedLanes_clones,CQQRSDWPPSF,1
PT0310_S9_combinedLanes_clones,CHQYNNWPLTF,1
PT0310_S9_combinedLanes_clones,CASSLDGVKNIQYF,1
PT0310_S9_combinedLanes_clones,CQQSHDIPLTF,7
PT0310_S9_combinedLanes_clones,CQSADSSDTYQVF,5
PT0310_S9_combinedLanes_clones,CSALQGLNTEAFF,2
PT0310_S9_combinedLanes_clones,CATGDPRDDKIIF,4
PT0310_S9_combinedLanes_clones,CAPRGGARLMF,1
