sample_name	productive_frequency	templates	amino_acid	rearrangement	v_resolved	d_resolved	j_resolved
ESO_1_sorted_inf	82.338987	81220	CASSYVGNTGELFF	CTGCTGTCGGCTGCTCCCTCCCAGACATCTGTGTACTTCTGTGCCAGCAGTTACGTCGGGAACACCGGGGAGCTGTTTTTTGGAGAA	TCRBV06-05*01	TCRBD02-01	TCRBJ02-02*01
ESO_1_sorted_inf	0.184507	182	CASSYVGNTGELFF	CTGGAGTCGGCTGCTCCCTCCCAGACATCTGTGTACTTCTGTGCCAGCAGTTACGTCGGGAACACCGGGGAGCTGTTTTTTGGAGAA	TCRBV06	TCRBD02-01	TCRBJ02-02*01
ESO_1_sorted_inf	0.114557	113	CASSYVGNTGELFF	CTGGAGTTGGCTGCTCCCTCCCAGACATCTGTGTACTTCTGTGCCAGCAGTTACGTCGGGAACACCGGGGAGCTGTTTTTTGGAGAA	TCRBV06-06	TCRBD02-01	TCRBJ02-02*01
ESO_1_sorted_inf	0.081102	80	CASSYVGNTGELFF	TTGGAGTCGGCTGCTCCCTCCCAAACATCTGTGTACTTCTGTGCCAGCAGTTACGTCGGGAACACCGGGGAGCTGTTTTTTGGAGAA	TCRBV06	TCRBD02-01	TCRBJ02-02*01
ESO_1_sorted_inf	0.047648	47	CASSFGDGGTEAFF	CTGGAGTCGCCCAGCCCCAACCAGACCTCTCTGTACTTCTGTGCCAGCAGTTTTGGGGACGGGGGCACTGAAGCTTTCTTTGGACAA	TCRBV27-01*01	TCRBD02-01*01	TCRBJ01-01*01
ESO_1_sorted_inf	0.046634	46	CASSVGSAGGYYNEQFF	CTGGAGCTGGGGGACTCAGCTTTGTATTTCTGTGCCAGCAGCGTAGGATCAGCGGGAGGTTACTACAATGAGCAGTTCTTCGGGCCA	TCRBV09-01	TCRBD02-01*02	TCRBJ02-01*01
ESO_1_sorted_inf	0.039537	39	CASSLGQGRNQPQHF	CACGCCCTGCAGCCAGAAGACTCAGCCCTGTATCTCTGCGCCAGCAGCCTGGGACAGGGCCGCAATCAGCCCCAGCATTTTGGTGAT	TCRBV04-01*01	TCRBD01-01*01	TCRBJ01-05*01
ESO_1_sorted_inf	0.036496	36	CASSYSGYDSPLHF	CTGCTGTCGGCTGCTCCCTCCCAGACATCTGTGTACTTCTGTGCCAGCAGTTACTCAGGGTATGATTCACCCCTCCACTTTGGGAAC	TCRBV06-05*01	unknown	TCRBJ01-06*01
ESO_1_sorted_inf	0.033455	33	CASSEFGGRNTEAFF	CGGTCCACAAAGCTGGAGGACTCAGCCATGTACTTCTGTGCCAGCAGTGAATTCGGGGGACGGAACACTGAAGCTTTCTTTGGACAA	TCRBV02-01*01	TCRBD02-01*01	TCRBJ01-01*01
